note_id,support_note
1,System outage reported on dashboard. escalated to engineering. resolved in 15 minutes. customer was frustrated.
2,Slow performance reported on authentication service. manually corrected billing. still open after 3 days. customer was frustrated.
3,Duplicate records reported on authentication service. full system reboot required. pending for 48 hours. customer satisfied with outcome.
4,Slow performance reported on billing system. patched in latest release. pending for 48 hours. internal tool limitations flagged.
5,Data sync issue reported on CRM. waiting on vendor response. resolved in 15 minutes. reported by multiple users.
6,Slow performance reported on user management module. full system reboot required. resolved same day. agent noted recurring problem.
7,Login failure reported on reporting tool. escalated to engineering. resolved in 15 minutes. customer satisfied with outcome.
8,Billing discrepancy reported on reporting tool. reset user credentials. resolved after 2 hours. needs further review.
9,Email notifications not sent reported on billing system. issue resolved after cache clear. resolved same day. needs further review.
10,Billing discrepancy reported on authentication service. ticket closed with workaround. resolved in 15 minutes. customer was frustrated.
11,Report generation failed reported on API. ticket closed with workaround. took 45 minutes to investigate. needs further review.
12,Access request reported on CRM. patched in latest release. follow-up needed. customer was frustrated.
13,Data sync issue reported on billing system. issue remains unresolved. resolved after 2 hours. agent noted recurring problem.
14,Dashboard error reported on data warehouse. waiting on vendor response. resolved after 2 hours. agent noted recurring problem.
15,Api timeout reported on alerts module. ticket closed with workaround. resolved after 2 hours. customer satisfied with outcome.
16,System outage reported on billing system. manually corrected billing. took 45 minutes to investigate. customer was frustrated.
17,Password reset reported on authentication service. full system reboot required. resolved after 2 hours. agent noted recurring problem.
18,System outage reported on alerts module. issue remains unresolved. follow-up needed. agent noted recurring problem.
19,Report generation failed reported on API. waiting on vendor response. follow-up needed. needs further review.
20,System outage reported on authentication service. waiting on vendor response. follow-up needed. agent noted recurring problem.
21,Billing discrepancy reported on data warehouse. escalated to engineering. resolved after 2 hours. reported by multiple users.
22,Access request reported on authentication service. issue remains unresolved. resolved in 15 minutes. reported by multiple users.
23,Duplicate records reported on billing system. manually corrected billing. took 45 minutes to investigate. customer satisfied with outcome.
24,Duplicate records reported on dashboard. ticket closed with workaround. pending for 48 hours. needs further review.
25,Login failure reported on authentication service. patched in latest release. resolved in 15 minutes. internal tool limitations flagged.
26,Login failure reported on authentication service. issue resolved after cache clear. resolved same day. reported by multiple users.
27,Data sync issue reported on dashboard. reset user credentials. resolved in 15 minutes. customer satisfied with outcome.
28,System outage reported on alerts module. issue remains unresolved. resolved in 15 minutes. agent noted recurring problem.
29,Duplicate records reported on user management module. issue remains unresolved. took 45 minutes to investigate. customer satisfied with outcome.
30,Report generation failed reported on CRM. escalated to engineering. still open after 3 days. needs further review.
31,Access request reported on user management module. issue resolved after cache clear. resolved after 2 hours. internal tool limitations flagged.
32,Slow performance reported on user management module. reset user credentials. took 45 minutes to investigate. customer satisfied with outcome.
33,Dashboard error reported on CRM. ticket closed with workaround. resolved after 2 hours. agent noted recurring problem.
34,System outage reported on user management module. manually corrected billing. resolved same day. agent noted recurring problem.
35,Duplicate records reported on authentication service. full system reboot required. pending for 48 hours. customer satisfied with outcome.
36,Password reset reported on API. patched in latest release. took 45 minutes to investigate. reported by multiple users.
37,Dashboard error reported on authentication service. waiting on vendor response. resolved in 15 minutes. internal tool limitations flagged.
38,Dashboard error reported on reporting tool. reset user credentials. took 45 minutes to investigate. reported by multiple users.
39,Slow performance reported on API. manually corrected billing. resolved same day. customer was frustrated.
40,Login failure reported on alerts module. waiting on vendor response. took 45 minutes to investigate. reported by multiple users.
41,Login failure reported on authentication service. patched in latest release. resolved after 2 hours. agent noted recurring problem.
42,Email notifications not sent reported on alerts module. manually corrected billing. took 45 minutes to investigate. customer satisfied with outcome.
43,Api timeout reported on alerts module. waiting on vendor response. took 45 minutes to investigate. reported by multiple users.
44,Duplicate records reported on user management module. issue remains unresolved. follow-up needed. customer satisfied with outcome.
45,Duplicate records reported on data warehouse. waiting on vendor response. follow-up needed. agent noted recurring problem.
46,Report generation failed reported on dashboard. waiting on vendor response. resolved same day. internal tool limitations flagged.
47,Email notifications not sent reported on billing system. ticket closed with workaround. resolved same day. customer satisfied with outcome.
48,Password reset reported on API. issue remains unresolved. still open after 3 days. needs further review.
49,System outage reported on CRM. ticket closed with workaround. resolved same day. customer was frustrated.
50,Login failure reported on CRM. ticket closed with workaround. still open after 3 days. needs further review.
51,Login failure reported on reporting tool. reset user credentials. resolved same day. internal tool limitations flagged.
52,Login failure reported on user management module. waiting on vendor response. pending for 48 hours. needs further review.
53,Billing discrepancy reported on reporting tool. manually corrected billing. pending for 48 hours. internal tool limitations flagged.
54,Access request reported on authentication service. escalated to engineering. resolved same day. customer was frustrated.
55,Login failure reported on alerts module. waiting on vendor response. still open after 3 days. customer was frustrated.
56,Access request reported on alerts module. issue remains unresolved. took 45 minutes to investigate. internal tool limitations flagged.
57,Api timeout reported on reporting tool. ticket closed with workaround. follow-up needed. needs further review.
58,Report generation failed reported on reporting tool. patched in latest release. pending for 48 hours. agent noted recurring problem.
59,System outage reported on CRM. reset user credentials. pending for 48 hours. reported by multiple users.
60,Billing discrepancy reported on user management module. escalated to engineering. pending for 48 hours. reported by multiple users.
61,Access request reported on reporting tool. reset user credentials. pending for 48 hours. agent noted recurring problem.
62,Api timeout reported on authentication service. issue resolved after cache clear. resolved after 2 hours. internal tool limitations flagged.
63,Duplicate records reported on alerts module. manually corrected billing. still open after 3 days. reported by multiple users.
64,Dashboard error reported on user management module. issue resolved after cache clear. resolved in 15 minutes. reported by multiple users.
65,Api timeout reported on dashboard. issue resolved after cache clear. resolved same day. customer was frustrated.
66,Password reset reported on authentication service. full system reboot required. took 45 minutes to investigate. agent noted recurring problem.
67,System outage reported on data warehouse. issue resolved after cache clear. resolved in 15 minutes. customer satisfied with outcome.
68,Access request reported on authentication service. issue resolved after cache clear. took 45 minutes to investigate. reported by multiple users.
69,Access request reported on alerts module. waiting on vendor response. still open after 3 days. agent noted recurring problem.
70,Report generation failed reported on user management module. issue resolved after cache clear. resolved same day. reported by multiple users.
71,Password reset reported on user management module. escalated to engineering. resolved same day. customer was frustrated.
72,Password reset reported on reporting tool. ticket closed with workaround. resolved same day. customer satisfied with outcome.
73,Billing discrepancy reported on reporting tool. ticket closed with workaround. still open after 3 days. customer was frustrated.
74,System outage reported on billing system. full system reboot required. still open after 3 days. internal tool limitations flagged.
75,System outage reported on billing system. manually corrected billing. follow-up needed. customer was frustrated.
76,System outage reported on CRM. issue remains unresolved. follow-up needed. needs further review.
77,Password reset reported on user management module. manually corrected billing. took 45 minutes to investigate. customer was frustrated.
78,Password reset reported on CRM. patched in latest release. resolved in 15 minutes. customer was frustrated.
79,Email notifications not sent reported on dashboard. full system reboot required. resolved in 15 minutes. customer satisfied with outcome.
80,Password reset reported on API. issue remains unresolved. resolved in 15 minutes. agent noted recurring problem.
81,Report generation failed reported on authentication service. manually corrected billing. resolved in 15 minutes. customer satisfied with outcome.
82,Password reset reported on CRM. waiting on vendor response. resolved in 15 minutes. reported by multiple users.
83,Duplicate records reported on data warehouse. waiting on vendor response. still open after 3 days. customer was frustrated.
84,Billing discrepancy reported on dashboard. ticket closed with workaround. pending for 48 hours. internal tool limitations flagged.
85,Password reset reported on CRM. escalated to engineering. resolved same day. reported by multiple users.
86,Dashboard error reported on reporting tool. waiting on vendor response. still open after 3 days. needs further review.
87,Data sync issue reported on dashboard. full system reboot required. follow-up needed. customer was frustrated.
88,Slow performance reported on alerts module. issue remains unresolved. follow-up needed. needs further review.
89,Slow performance reported on authentication service. patched in latest release. follow-up needed. needs further review.
90,Email notifications not sent reported on API. escalated to engineering. resolved in 15 minutes. internal tool limitations flagged.
91,Login failure reported on API. ticket closed with workaround. pending for 48 hours. internal tool limitations flagged.
92,System outage reported on alerts module. ticket closed with workaround. resolved in 15 minutes. reported by multiple users.
93,Api timeout reported on dashboard. patched in latest release. resolved same day. customer satisfied with outcome.
94,Data sync issue reported on user management module. escalated to engineering. follow-up needed. agent noted recurring problem.
95,Dashboard error reported on API. waiting on vendor response. pending for 48 hours. agent noted recurring problem.
96,Report generation failed reported on dashboard. issue resolved after cache clear. pending for 48 hours. reported by multiple users.
97,Report generation failed reported on billing system. reset user credentials. pending for 48 hours. needs further review.
98,Report generation failed reported on alerts module. manually corrected billing. resolved after 2 hours. agent noted recurring problem.
99,Dashboard error reported on API. full system reboot required. resolved same day. reported by multiple users.
100,Dashboard error reported on alerts module. escalated to engineering. resolved same day. reported by multiple users.
